REGION,week,p2.5,p25,p50,p75,p97.5,mean,p.positive
Alabama,2020-02-02,-0.0820142325181951,-0.002600255080915572,0.02204808115788348,0.03848643125630222,0.057570032529580394,0.013458014719787775,0.732
Alaska,2020-02-02,-0.03475896960628493,0.006480264352667729,0.016429871525491347,0.022722659785316467,0.028486492481104908,0.011418851548145512,0.83325
Arizona,2020-02-02,-0.03839293838943002,-0.005961016812916508,0.0038978473289471103,0.010241757209956638,0.017375441728365734,1.8831689643289295e-4,0.61875
Arkansas,2020-02-02,-0.06185046969633447,-0.011228211286283474,0.005133815049881359,0.016243648416718565,0.02911353822563429,-3.557467564461778e-4,0.59025
California,2020-02-02,-0.027615043308510712,-0.0012578538500300097,0.008225252369802318,0.01519165549269626,0.02438320926249997,0.0055735406804828785,0.71975
Colorado,2020-02-02,-0.00342995496291313,0.025514129580888747,0.033827297207645095,0.03974172557408081,0.045843391351676394,0.0307860423587903,0.9705
Connecticut,2020-02-02,-0.028349762179662955,0.028721542295150466,0.044380364955602866,0.05435190026425607,0.06287152568689218,0.03732063253231368,0.927
Delaware,2020-02-02,-0.02582789564047001,-0.006783239151367505,-0.001772220032508009,0.0015272144489193373,0.004908920492861489,-0.0038933829153770523,0.38125
District of Columbia,2020-02-02,-0.10235565174251027,-0.02696330923116759,-0.00818486072892648,0.0037422983919656433,0.01349269166363214,-0.016776357753016925,0.335
Georgia,2020-02-02,-0.03177051558356045,0.01741394005149801,0.03201834809817518,0.04171577815504499,0.05182123752231507,0.02612315941342067,0.88825
Hawaii,2020-02-02,-0.0412095855535815,0.011368226928433391,0.02791619102740135,0.03856684847524161,0.05056434824252976,0.021608841392022446,0.849
Idaho,2020-02-02,-0.06276157537691768,-0.009874096215012292,0.0012248936267043034,0.007471403541320962,0.012266458497305958,-0.005282987050628075,0.53325
Illinois,2020-02-02,-0.007540264306537664,0.013519890811415749,0.021057094527738667,0.02699171817990048,0.034667193359264575,0.019100156806556516,0.9415
Indiana,2020-02-02,-0.014167181231003492,0.015943115563174567,0.026143246096300046,0.03309344921684049,0.04096902472544428,0.02270195009167136,0.927
Iowa,2020-02-02,-0.010668212189768558,0.008323572485650483,0.013997853304764721,0.017580163563494185,0.02116661018305265,0.01167050707509733,0.912
Kansas,2020-02-02,-0.03519516580145601,0.02756690601876649,0.04367248540007668,0.05335817905959893,0.06189149719997168,0.03595271151331568,0.9145
Kentucky,2020-02-02,-0.052988156415720036,0.05075612307526259,0.06958909056720092,0.07919334874395617,0.08511050094575963,0.05660658607864116,0.92725
Louisiana,2020-02-02,-0.011375020245065445,0.02809359387241575,0.041627153208546944,0.0515181445794068,0.06285991223731939,0.037350731199892115,0.9485
Maine,2020-02-02,0.006747322790501248,0.021940827533947636,0.02670840749232242,0.029939565908195357,0.033214208872952,0.02495935544702499,0.98825
Maryland,2020-02-02,-0.008137811578371214,0.018094638163740167,0.026282577131910165,0.03176559283919607,0.03786405130970422,0.023302303729158154,0.94975
Massachusetts,2020-02-02,7.21590965561455e-4,0.015600707360009519,0.020725111587421647,0.024747533075632055,0.029767304194542883,0.019334023295661997,0.97725
Michigan,2020-02-02,-0.019125148026787383,0.010301541641108202,0.01723429363457903,0.021135253132969187,0.02491860602806118,0.01357370522130829,0.8985
Minnesota,2020-02-02,-0.019566777661683046,0.00896935072597574,0.01810414405779686,0.024512667397603268,0.03194106854403017,0.014986275375302805,0.87525
Mississippi,2020-02-02,-0.06006564862679887,-0.008231047801649452,0.008634546107135245,0.02068097774494504,0.03551499482460436,0.003200261216904172,0.64025
Missouri,2020-02-02,-0.03694623059031254,0.008989864961978167,0.023516677678256798,0.033195927979372625,0.04505674030960451,0.018503478624428322,0.8425
Montana,2020-02-02,0.0044252145458148085,0.020606906044338236,0.024032707206085784,0.026017279789225113,0.02776701367415236,0.022056474393998857,0.98575
Nebraska,2020-02-02,-0.07330851368927449,-0.00551958593080382,0.010752602667203659,0.020422212723980326,0.029166236264719897,0.0026863404764814933,0.68675
Nevada,2020-02-02,-0.02737831336313143,-0.010690591391038904,-0.0053127805515195735,-0.0014704925169303938,0.00334405910185905,-0.007023098566813442,0.16475
New Hampshire,2020-02-02,-2.9519814860276246e-4,0.0200882958102957,0.024862871326686655,0.027598666545756156,0.030095286799845973,0.02223610998400327,0.9735
New Jersey,2020-02-02,-0.047193867968493515,0.00861446381402282,0.024292735838126384,0.03473193934740311,0.045273248635859575,0.017943839782871757,0.82725
New Mexico,2020-02-02,-0.007324020902067916,0.024292330739374784,0.03502034409377149,0.042538236719822695,0.05212539914289512,0.031491762950285315,0.95475
New York,2020-02-02,-0.0036516616452106697,0.01831588358830625,0.025684588124929148,0.03172030346559664,0.0395475582140026,0.0237982206871085,0.96225
North Carolina,2020-02-02,-0.024787340132302643,0.014377625084432358,0.025269228919067986,0.03280452282679399,0.040628012172692636,0.020961523883946488,0.8995
North Dakota,2020-02-02,-0.05716270605622315,-0.0030030771597540015,0.0106340728991603,0.018631713126555677,0.026298290664484393,0.0040759683084848,0.7095
Ohio,2020-02-02,-0.009160454177577722,0.007745351711855724,0.013128653087892931,0.017181127148410486,0.021802011175556198,0.011505191044433939,0.921
Oklahoma,2020-02-02,-0.0663943938761363,0.004649983968642267,0.02836525323496514,0.045119447080607986,0.06448484538801905,0.02118122263511494,0.79025
Oregon,2020-02-02,-0.016454907165248667,0.005074412383932372,0.011960051142294158,0.016295785425751774,0.020927629589513278,0.009209796584222881,0.848
Pennsylvania,2020-02-02,-0.014448240139788458,0.004708607581878389,0.01219220988911544,0.01765593219248912,0.024509166739236324,0.01031260972394427,0.85525
Rhode Island,2020-02-02,-0.006105620922180993,0.030046694474288746,0.03945419511546733,0.045500465938206336,0.05096021015463635,0.03524563681869514,0.965
South Carolina,2020-02-02,-0.03279593980947481,0.05285777800102865,0.07328322658158268,0.08392336058983754,0.09233311011541474,0.06245899246194943,0.94725
South Dakota,2020-02-02,-0.01690329755623629,0.005808607787507869,0.013505474916158852,0.01908300923562243,0.025928117612120244,0.011203241871860127,0.866
Tennessee,2020-02-02,-0.027224051605617264,0.03267616251352562,0.049187493298052845,0.05987464833628371,0.0695505371759849,0.042222996386470014,0.93625
Texas,2020-02-02,-0.03876378350491057,0.014409304168254134,0.030919533823982197,0.043574786399080356,0.05909945004700578,0.025864848663722136,0.86675
Utah,2020-02-02,-0.04001939994072066,0.01440985935711962,0.028012429759970682,0.03665537072997227,0.045339126997396846,0.022109788814451272,0.877
Vermont,2020-02-02,-0.03212667826563599,0.005258023700157279,0.015844754730256788,0.022690001720431396,0.02972596603582718,0.011527971066100361,0.82675
Virginia,2020-02-02,-0.002514984235612735,0.02567410397311102,0.035299622413820064,0.04234815982191664,0.051937863770442946,0.03260432864284962,0.96925
Washington,2020-02-02,-0.0021065746733785265,0.014675351155805844,0.01986331255871611,0.023983208233666124,0.028957304058119707,0.018406784255194063,0.968
West Virginia,2020-02-02,-0.01406630185946156,0.022949249618104767,0.033779170767562414,0.04104502264740505,0.04925941766018508,0.029703081083820068,0.9465
Wisconsin,2020-02-02,-0.01674228523286805,0.008151164889600451,0.015309195027620882,0.020223083026707764,0.025564305909266994,0.012535400583787758,0.88275
Wyoming,2020-02-02,-0.008278016712902543,0.015157597729613555,0.022129468298035956,0.027014630636805634,0.032235765229761904,0.01966546066627855,0.94725
Alabama,2020-02-09,-0.07909911841564753,-0.008866752249965786,0.014535623497326348,0.030492182647252244,0.04730944864509841,0.006369493906551592,0.665
Alaska,2020-02-09,-0.02372232074786311,0.010587848924286252,0.019208716727880513,0.024420958113962138,0.02946403613097766,0.01496768344444984,0.8845
Arizona,2020-02-09,-0.04276605304721033,-0.009440476306690072,2.890348579206864e-4,0.00702926498540034,0.014739626140304649,-0.003435334772231993,0.50775
Arkansas,2020-02-09,-0.05639322734731046,-0.0032500772791271646,0.012715582781888852,0.02370181406541771,0.03635508649537932,0.006881746353757844,0.70875
California,2020-02-09,-0.028111007657364462,-0.0037557609990288426,0.0055740993542545865,0.01247178363413505,0.021616759976796802,0.0030610177439246576,0.66225
Colorado,2020-02-09,-0.006955837679221225,0.0207765978840481,0.029163940143296,0.034479300978058965,0.04055036391848437,0.02600386410157523,0.9605
Connecticut,2020-02-09,-0.04276120086949066,0.021048027854814577,0.037589240568413625,0.04711220887241186,0.0559603992207661,0.029427808991152625,0.8895
Delaware,2020-02-09,-0.012773384513021218,0.006140490745204023,0.010887492861849531,0.014073071148196309,0.017336713369520917,0.008782168104073432,0.888
District of Columbia,2020-02-09,-0.09858163539966863,-0.02203536213761423,-0.0029073158685507684,0.007957878157030713,0.017892335842379065,-0.012534096010107677,0.44075
Georgia,2020-02-09,-0.04109536819880329,0.0092925045446863,0.023249967925036655,0.03261152632266467,0.04209316086702311,0.01735215814843626,0.836
Hawaii,2020-02-09,-0.050271129122611474,0.001768799917761953,0.01767481792768951,0.028758506108975297,0.040846042936445844,0.011923017667360288,0.7705
Idaho,2020-02-09,-0.05330393433189574,-0.01104347792750416,-8.248382964625772e-4,0.00468001587562239,0.008816406646104242,-0.006680446941050331,0.46875
Illinois,2020-02-09,-0.008409219090906979,0.01374320992707527,0.021259257129776065,0.027073446942244155,0.0348650951433895,0.019228472592629362,0.93575
Indiana,2020-02-09,-0.02138069410796319,0.010848585314617734,0.020688078307791867,0.027489668036434455,0.03533629061952611,0.017107812823053167,0.885
Iowa,2020-02-09,-0.00390817808396946,0.015653261918326083,0.02101238956151405,0.024392823189523877,0.027918278105375085,0.018760679541960323,0.96275
Kansas,2020-02-09,-0.0334225670212467,0.025262544516376724,0.03987370635805978,0.04896706279837511,0.05807346635799673,0.03295456883551499,0.9145
Kentucky,2020-02-09,-0.06649772469164249,0.04299957772659527,0.06183782318219027,0.07135641078510241,0.0776709164209754,0.04855376637150307,0.92275
Louisiana,2020-02-09,-0.009797872350334361,0.029664672920623483,0.04285177500163481,0.052410977901223205,0.06447204032051326,0.038773577001498895,0.95375
Maine,2020-02-09,0.0015489950233443018,0.018953024918879163,0.02360880027524313,0.02681941017684014,0.030263112784275646,0.02169627144021163,0.98175
Maryland,2020-02-09,-0.01202239193065005,0.014033377605005028,0.022400346334543506,0.027734113732772955,0.03388651049708402,0.019320247696938016,0.9315
Massachusetts,2020-02-09,-0.0014417263418059353,0.01229852582487376,0.01717942395681918,0.020973308032508044,0.025908481875403327,0.01590522041108516,0.96475
Michigan,2020-02-09,-0.021229893845930225,0.008361975093197239,0.01564835170673927,0.019833834798890036,0.023427205109455177,0.011920804286688326,0.88125
Minnesota,2020-02-09,-0.018227370292015346,0.013479657237183378,0.022827518148205148,0.02934186713498268,0.03686512216920436,0.019418880114720108,0.90575
Mississippi,2020-02-09,-0.06054222536204814,-0.007690160956702949,0.00892042277255952,0.021045866984477794,0.03572786435358644,0.0034557114901988956,0.651
Missouri,2020-02-09,-0.047892104435096866,-0.004819031650720543,0.009092585839001993,0.018918048331464092,0.031231277368530617,0.004656280183834744,0.6825
Montana,2020-02-09,0.004748032715347001,0.02086827410786908,0.024470539308452458,0.026470693376754936,0.028273990555685264,0.022484971902465047,0.98475
Nebraska,2020-02-09,-0.05883118113099275,0.0022561935214904984,0.017639117678337028,0.026968917367202385,0.03514083852333734,0.010113748876125513,0.77375
Nevada,2020-02-09,-0.023247543829405835,-0.0075715008230964,-0.0023309608097884663,0.001808294339024654,0.006586961266712107,-0.0038585974438239148,0.35975
New Hampshire,2020-02-09,0.007841536396938215,0.026175326784146018,0.030984155541589287,0.03406513747091208,0.03659221571758181,0.028680352527991438,0.987
New Jersey,2020-02-09,-0.05313215592949818,0.0019073121007437636,0.01738941358341108,0.027987227140186668,0.038562771023421365,0.01129388103268212,0.77075
New Mexico,2020-02-09,-0.01999610705417461,0.01425486216648163,0.025563743012258843,0.033726055619345795,0.04337318435990794,0.021987648396303898,0.901
New York,2020-02-09,-0.006718179432836493,0.013588055865007774,0.020731340391392888,0.026264870517225307,0.03349903991659076,0.01885631315653155,0.943
North Carolina,2020-02-09,-0.03148165486306437,0.007591626954676559,0.019199877458826252,0.02694903094976532,0.035218536383425994,0.014649449962526933,0.83775
North Dakota,2020-02-09,-0.04233536719905277,0.009816702784630572,0.022178535560593543,0.02985997644261945,0.03750783970185433,0.01621042852003217,0.852
Ohio,2020-02-09,-0.013904923864352402,0.003825236010614373,0.009337252371387291,0.01344471479325573,0.01823207219091631,0.007674106640464494,0.85575
Oklahoma,2020-02-09,-0.06500978833820777,-0.002096947170014664,0.020083274580923786,0.03613197590048656,0.054597628994114744,0.013017742952087632,0.732
Oregon,2020-02-09,-0.0131316964433257,0.008281120044115825,0.014571422930800404,0.018555119637594576,0.023236001087026975,0.012010498508558261,0.896
Pennsylvania,2020-02-09,-0.018183915532950855,0.0017809823105807013,0.00839527003245254,0.013313723637060612,0.02004986956543219,0.00655535719722865,0.79225
Rhode Island,2020-02-09,-0.004088754394408395,0.03213918731191791,0.04203923755630824,0.04786114143321504,0.05339451259154758,0.03742505949135659,0.968
South Carolina,2020-02-09,-0.04747597257056732,0.038805912556392104,0.05844785224034227,0.06842398018504448,0.07684520429053393,0.04732074717684365,0.91975
South Dakota,2020-02-09,-0.015690291498157972,0.007593378377485024,0.015143800411856808,0.020560277346959036,0.027200694656582106,0.012742310440097101,0.882
Tennessee,2020-02-09,-0.04444956710383307,0.017423184866791938,0.03377465814626545,0.04347300558145366,0.05293783600668964,0.026098765281336398,0.8715
Texas,2020-02-09,-0.04541492244338841,0.005180830155081233,0.02256982265129092,0.03568992759487337,0.0508580456446647,0.017511103366503508,0.802
Utah,2020-02-09,-0.04352602553486843,0.004056939017987482,0.018119149249324597,0.026105051131353006,0.03442039000319052,0.012090976998526654,0.8005
Vermont,2020-02-09,-0.03413211302998915,0.0040412578268898694,0.014709840955524129,0.021285933212123187,0.028852843467093974,0.010250118855431917,0.80825
Virginia,2020-02-09,-0.003637689408178009,0.02354075604237046,0.03285681113255692,0.03980658819217049,0.04960782634076396,0.03035999752388354,0.96775
Washington,2020-02-09,-0.0016879922671158808,0.013650058578922635,0.0188813093767716,0.022802141663317788,0.02738270357443831,0.017336517562732242,0.9665
West Virginia,2020-02-09,-0.025954496763759362,0.00891276805806697,0.02018719323906827,0.02765281773687184,0.03578994140278555,0.01620450578866442,0.86425
Wisconsin,2020-02-09,-0.016776877576656427,0.0068816971191110144,0.014336369801004877,0.01915827658567736,0.02448296936981411,0.011582828042310662,0.8765
Wyoming,2020-02-09,-0.0131344430099868,0.007951479180289807,0.01478621171343055,0.01947308347729034,0.024609939652152867,0.012362647296820918,0.88875
Alabama,2020-02-16,-0.06418163995341208,0.005770854289018766,0.027091736961392835,0.041564432776171785,0.05745718107584192,0.019368113914511806,0.7915
Alaska,2020-02-16,0.014721669751434545,0.049168233257188824,0.05657641315726249,0.061474591652338054,0.0659604222227879,0.052781139717709445,0.98675
Arizona,2020-02-16,-0.03991340243576913,-0.004608926360930174,0.00546712508286463,0.012396510700461107,0.01967785152503515,0.0016834892916189582,0.66025
Arkansas,2020-02-16,-0.0614562438164088,-0.00904077831383131,0.005718252047008231,0.016078059984036615,0.02823981959583726,3.148729342857167e-4,0.61575
California,2020-02-16,-0.029307383463825186,-0.003737851348263061,0.005089321559218771,0.012038037991894054,0.020657998081595234,0.0027801615469631915,0.66425
Colorado,2020-02-16,-0.007900032466701352,0.01765095367450067,0.025536059038007236,0.030714531564794777,0.03686985182488461,0.022656256936111507,0.95175
Connecticut,2020-02-16,-0.03953078471940529,0.019975917408143522,0.03425653537064781,0.042970011957765196,0.05163878183057859,0.02721504788885874,0.89325
Delaware,2020-02-16,-3.047236166917428e-4,0.01646613916877944,0.02093138108366556,0.02390407751407491,0.026934617609410304,0.019040899514276812,0.97425
District of Columbia,2020-02-16,-0.10923499260923222,-0.02994062162867841,-0.01030111800117434,0.0012481558471342646,0.01169331285705676,-0.01972927905772248,0.281
Georgia,2020-02-16,-0.03859718246119473,0.006442573914475835,0.01943736865009771,0.02792289033407515,0.03652732045945,0.013965140852788018,0.82075
Hawaii,2020-02-16,-0.0532896018731753,0.004317078486336846,0.01979951655126665,0.03138621691916707,0.04367455824561717,0.014298109611123797,0.795
Idaho,2020-02-16,-0.03978009321828501,-0.0024492499152294787,0.005869916741324145,0.01040128289227852,0.014226706539215416,0.0011986339971445617,0.69725
Illinois,2020-02-16,-0.010354297850078917,0.01048211396188669,0.018023433977295448,0.023759831948891395,0.03109342497847554,0.01600688468174369,0.9145
Indiana,2020-02-16,-0.021112237977108428,0.008617162521283386,0.01761088600031042,0.023991852843682354,0.031509013632219696,0.014528789587692777,0.87625
Iowa,2020-02-16,-0.011106445235693364,0.00799441809532455,0.012981387786439386,0.016339528046778774,0.01961682542817281,0.010843328033480159,0.91
Kansas,2020-02-16,-0.04959559461995612,0.016910385086523254,0.03167829449917058,0.04096158713161699,0.05013762707363962,0.024409110995654786,0.88075
Kentucky,2020-02-16,-0.07039431768731777,0.03375490136334772,0.051342447322942394,0.06021498008314128,0.06582237687115296,0.03901884032355856,0.90325
Louisiana,2020-02-16,-0.009908133190328947,0.02922953131400285,0.0421885368415718,0.05084945970401252,0.06195673743214019,0.03781765861808375,0.95725
Maine,2020-02-16,0.0018113889176545283,0.017057831124992418,0.02180001917925367,0.024934029646492883,0.02844379421620192,0.020020225693839353,0.98
Maryland,2020-02-16,-0.014548053149324927,0.012015826783220784,0.019675157744884847,0.02493217627184837,0.03088450865636825,0.016661335066837157,0.90825
Massachusetts,2020-02-16,9.936543068838504e-4,0.013301951289633825,0.0178297900570571,0.02132822067132739,0.025794580900428646,0.01664084933307005,0.97925
Michigan,2020-02-16,-0.024666951532139905,0.004595740631004803,0.011601944427410013,0.015518205682282973,0.01898197374378859,0.0077980322811348635,0.82775
Minnesota,2020-02-16,-0.025081956844059516,0.004072877831017055,0.013764328156826265,0.020172249465820934,0.027767480984555552,0.010396451901705722,0.81775
Mississippi,2020-02-16,-0.0651960640651865,-0.013430808375202618,0.003473232422807185,0.015464593664116066,0.029962315796774164,-0.0019728622551995604,0.56475
Missouri,2020-02-16,-0.04307859914033218,-0.0026526727462222992,0.010745766760287708,0.0198253981334206,0.030003929378536978,0.0062521306931139905,0.71
Montana,2020-02-16,0.004011453643654078,0.019846338393118057,0.02341240355883134,0.025324508965647703,0.02709117079960277,0.02134639988548701,0.9845
Nebraska,2020-02-16,-0.06520804630078487,-0.0018616269400241314,0.012429151529422621,0.02148994947872883,0.029514553875434234,0.005224629804828244,0.72825
Nevada,2020-02-16,-0.02383189338835739,-0.007746579525193694,-0.002876704208616205,9.411175627628467e-4,0.005351372769495097,-0.004414055361283241,0.3085
New Hampshire,2020-02-16,8.763381712499904e-4,0.02119343685126549,0.025651842668435232,0.028425482185407525,0.030912389873911674,0.02333176707820002,0.97675
New Jersey,2020-02-16,-0.05177580271153814,0.001797801885544138,0.016732308785719508,0.026718802883890665,0.03685125500057677,0.010908653423603884,0.77125
New Mexico,2020-02-16,-0.028718382120410984,0.003966553093720102,0.0145372215803892,0.022674244723394923,0.031996399678720304,0.01131671576327001,0.808
New York,2020-02-16,-0.011525255659962692,0.007438688948434073,0.014478551091000656,0.019587956153949912,0.026386803520368478,0.012574356368030457,0.8975
North Carolina,2020-02-16,-0.03322041020217682,0.004726948838972848,0.01693488744784291,0.024010790526309386,0.0318201181951728,0.01208168480727609,0.818
North Dakota,2020-02-16,-0.054318331617563255,-0.011790356667475115,9.759848895198736e-4,0.008945481518425375,0.015635122453326135,-0.004462134375044589,0.52575
Ohio,2020-02-16,-0.01359750589147514,0.0022636176747576715,0.0073760593591556895,0.011380177384585716,0.015863033229054965,0.005896635880518696,0.814
Oklahoma,2020-02-16,-0.0706520295533867,-0.005447862587339206,0.015902633715454372,0.030404830799776603,0.04758083055324144,0.00895181844223849,0.69925
Oregon,2020-02-16,-0.013821940719138398,0.0064796431553211685,0.01256776356137461,0.01671745685293373,0.021150217350984643,0.010297055843694385,0.88675
Pennsylvania,2020-02-16,-0.017167957624651994,0.00192331494593899,0.008255052206122103,0.013148619912187126,0.019462752921913965,0.006482358963247644,0.801
Rhode Island,2020-02-16,-0.0017874984961560637,0.03248509838429259,0.04036422178182907,0.045325082702931035,0.04989992031509842,0.036107848327322126,0.9715
South Carolina,2020-02-16,-0.04612488188702755,0.028365547453007164,0.044945195941507324,0.054250845361479894,0.06193819427340468,0.035758785185975805,0.909
South Dakota,2020-02-16,-0.01644054640366901,0.004235995076775352,0.01112109541676693,0.016233970857677235,0.022900645843567866,0.009084920811311072,0.8385
Tennessee,2020-02-16,-0.04454463715451642,0.015731394510275314,0.030779250803481283,0.03977961782529761,0.04826756604916659,0.02357085393585769,0.87275
Texas,2020-02-16,-0.03987506943903498,0.007786208554681947,0.02376151596956372,0.03558155360195604,0.05023619651233547,0.018972013255426783,0.825
Utah,2020-02-16,-0.03485705596950423,0.012889740124015272,0.025706826144195553,0.033967060667821264,0.04197892278427834,0.020148373229872254,0.8745
Vermont,2020-02-16,-0.04012380575652587,-0.0022618354059744557,0.008459652196759086,0.015653967796167866,0.02282021302111065,0.004218482872482443,0.7075
Virginia,2020-02-16,-0.005196225955111152,0.02068019374820139,0.02990503323915491,0.036573046732213704,0.04465446677720868,0.027252567916054845,0.9595
Washington,2020-02-16,0.0011886008392220093,0.015312910720089341,0.02018141351214437,0.023710889910284513,0.028048295947878193,0.018776753395711412,0.97875
West Virginia,2020-02-16,-0.026026048575111656,0.008273256866935533,0.018557353001839506,0.02510607884090294,0.032914231259490244,0.014599991851564883,0.85625
Wisconsin,2020-02-16,-0.018072408735022156,0.006711772618981798,0.014245798143217397,0.019428127016435252,0.024765171670019966,0.01141097042324343,0.86525
Wyoming,2020-02-16,-0.01133836216066329,0.010102922675746069,0.016914955865640978,0.021378641761987636,0.026165647513271648,0.01447952895410693,0.92375
Alabama,2020-02-23,-0.07430789737277185,-0.007063373443436433,0.012783270190478094,0.026378598433502078,0.04070533776564808,0.005367232507788696,0.6725
Alaska,2020-02-23,-0.011929113244591444,0.022225112379205613,0.029848263088802878,0.03429592817255287,0.03807965000921375,0.025787577610315728,0.95075
Arizona,2020-02-23,-0.04102127881188408,-0.0077776673802884624,0.0015027147336221253,0.007630863621074816,0.014377669608227808,-0.002156743283837672,0.55225
Arkansas,2020-02-23,-0.02955302172696179,0.017090726780727136,0.03149253079252568,0.04129337152507505,0.051968051514473895,0.026294785316873022,0.8925
California,2020-02-23,-0.030760268874197194,-0.0038191665081929137,0.005376214110308352,0.01186450597747861,0.020180492285486008,0.00263467456867352,0.658
Colorado,2020-02-23,-0.002552309759739316,0.02071188788307715,0.027266828844647116,0.03236289728873168,0.03782119102867613,0.02498098571021398,0.96925
Connecticut,2020-02-23,-0.0394358284499672,0.01642054423483738,0.030196020757044376,0.03895849795736499,0.046570111550144296,0.02357166868119598,0.88175
Delaware,2020-02-23,0.0018094992509331716,0.016688786608926795,0.02092480783079281,0.023704558970579784,0.026636786581240895,0.01917506107061644,0.9805
District of Columbia,2020-02-23,-0.11383968228244488,-0.031111518224109593,-0.010291517518417599,0.0018347803059366166,0.012908738182060234,-0.02060558369568468,0.30225
Georgia,2020-02-23,-0.04162603937546517,0.0035933144720752992,0.01674465678667794,0.024920790644550047,0.03333430797747277,0.011005041326835769,0.78825
Hawaii,2020-02-23,-0.049086401314173404,-0.0010630061011869824,0.015678667870158782,0.02650377736940365,0.03905299299926604,0.009982721383014079,0.739
Idaho,2020-02-23,-0.031559829210883544,0.0010706303967997744,0.007840466070344478,0.011732090036037058,0.014805295109587025,0.0038132879407259783,0.772
Illinois,2020-02-23,-0.014870638311578414,0.006382913676502981,0.014113668547718106,0.019666594336149288,0.02672990796872528,0.011850644886047642,0.865
Indiana,2020-02-23,-0.019978646201545654,0.010386931095334697,0.0193755551350574,0.025692028252681774,0.032903790338192664,0.01619566303094749,0.88575
Iowa,2020-02-23,-0.006536158916306926,0.010107112559110142,0.01476266213212552,0.01773650607291286,0.02065803476425331,0.012816936397351443,0.9445
Kansas,2020-02-23,-0.04963516592771981,0.009622948392568763,0.025120177714116763,0.03410665876976175,0.042599399756655,0.018043947724950972,0.84225
Kentucky,2020-02-23,-0.04387228581955938,0.03660461475156932,0.05235374841996119,0.059984531116631365,0.06515117044359264,0.04189652804601875,0.9235
Louisiana,2020-02-23,0.007427775899385626,0.04214323400263756,0.053804421886093565,0.06193388394073401,0.0723576127971206,0.05022526194206699,0.98625
Maine,2020-02-23,9.16747080213341e-4,0.015767677617730083,0.02028525389470258,0.023329368592626392,0.02677743627542955,0.0186017240105328,0.98
Maryland,2020-02-23,-0.013140879910625243,0.013091671047786468,0.020485716993032546,0.025398533914209712,0.031169301872543888,0.017532104413713005,0.92325
Massachusetts,2020-02-23,-0.0031782832509006796,0.008526989293492684,0.012830536480240129,0.01605301037658817,0.020439305817807413,0.011668765786583466,0.94675
Michigan,2020-02-23,-0.026583280462422747,0.0018619901155627321,0.008906816866176061,0.012952898111104656,0.016234245457866968,0.005291209335900966,0.79425
Minnesota,2020-02-23,-0.022475275454467404,0.004442350416925541,0.013842242179315381,0.020127621682127027,0.02747927049752632,0.010683399364956497,0.82475
Mississippi,2020-02-23,-0.058513689760789814,-0.005765604043935819,0.010236726944910762,0.021664119567956365,0.03571797086500678,0.004852093641303984,0.67525
Missouri,2020-02-23,-0.01788790535280832,0.02154541454657187,0.03324762795669837,0.041810068575160494,0.05158319904684669,0.0291430123907083,0.9305
Montana,2020-02-23,-1.0954568080787607e-4,0.016769922167314842,0.020497987977394917,0.022626131941407196,0.024427090383094242,0.018399292180715662,0.9745
Nebraska,2020-02-23,-0.04741909571323085,0.00609041691838288,0.020065600343462144,0.027850239011465987,0.035351731007927274,0.013270954516205455,0.81425
Nevada,2020-02-23,-0.01904096692888473,-0.005226012745046914,-3.55211914069572e-4,0.0030016539277636107,0.007411900581422354,-0.0019044813562503105,0.474
New Hampshire,2020-02-23,0.002243150872450882,0.018813783789477886,0.023096640999529974,0.025518146766575645,0.027753223579118254,0.02093978993010914,0.97975
New Jersey,2020-02-23,-0.05257546435980728,-0.0020645404744834717,0.012079460410024256,0.021785174033253158,0.03169615372212295,0.006597525627150509,0.72275
New Mexico,2020-02-23,-0.021625779770537402,0.008050534328112853,0.0174310289930312,0.02467999635656936,0.03335392503176368,0.014529129178737497,0.85925
New York,2020-02-23,-0.015234227557883525,0.0025495358847608786,0.00869259279649783,0.013775316607185874,0.02036140048534636,0.007278012715787784,0.81975
North Carolina,2020-02-23,-0.029110650831917797,0.004835289710312779,0.015005708896643792,0.021191542405946905,0.027911697423443058,0.01083696954539815,0.8295
North Dakota,2020-02-23,-0.03643325559861773,0.004791709273328076,0.015277015475185507,0.021944894513583155,0.028253646757102423,0.010126411454253944,0.812
Ohio,2020-02-23,-0.005036456381722614,0.009445941683768212,0.014174417371953123,0.01761415293371559,0.02179260308448064,0.01264009855752579,0.94
Oklahoma,2020-02-23,-0.06395415338363389,-0.005543943404270765,0.013311536532883413,0.027061388222972917,0.04213677532808166,0.007031134956583864,0.69525
Oregon,2020-02-23,-0.007133563146108822,0.0130224424197701,0.01842323789743444,0.022271538857150455,0.026414975425494425,0.016345326662025227,0.9465
Pennsylvania,2020-02-23,-0.012624416122455968,0.0048219123642333555,0.0111352523956929,0.015659509922665956,0.021529557140266848,0.009300349622092554,0.861
Rhode Island,2020-02-23,-0.009211505614703802,0.020787567293548893,0.02810789351850837,0.03254783540129254,0.03654432658040068,0.024633893198143544,0.95575
South Carolina,2020-02-23,-0.03476849849877648,0.03402814913104492,0.04838326729927126,0.056156836597581146,0.06279781466471246,0.03966463794111658,0.93275
South Dakota,2020-02-23,-0.014281235360739738,0.005167742998227526,0.011470657560783663,0.016204482148330798,0.021965345591910452,0.009472080121223685,0.856
Tennessee,2020-02-23,-0.03669832848494718,0.011703397124075338,0.025131344702762137,0.03340880312442357,0.040898090622408,0.019337087064504876,0.866
Texas,2020-02-23,-0.03771597934217633,0.005487687806269214,0.020962148627775543,0.031505731788762516,0.04552869111172319,0.01617140192356614,0.80725
Utah,2020-02-23,-0.03486708938490311,0.0067638269646687,0.018548792788498872,0.025326648985430446,0.032647932362328116,0.013358713877440587,0.83875
Vermont,2020-02-23,-0.04005781591229622,-0.004136063818247893,0.006085548582281726,0.012824432016123478,0.0201116740428259,0.001995734914793664,0.664
Virginia,2020-02-23,-8.384347371505328e-4,0.023398773308667208,0.031779267620095884,0.03810940516521419,0.04634300640794954,0.02954266068186928,0.9725
Washington,2020-02-23,0.00589243797599295,0.019461964004746632,0.02380630173176862,0.02713721581479059,0.031245091831495334,0.022550983046090736,0.99225
West Virginia,2020-02-23,-0.015097298738478017,0.015682609749515967,0.02413371565592027,0.030161067584237197,0.03707796918687904,0.02099011949942823,0.92675
Wisconsin,2020-02-23,-0.01910699914676421,0.005027998071596466,0.012554028865860371,0.01764378323136761,0.023047359402578103,0.00977475826861441,0.8455
Wyoming,2020-02-23,-0.010080239576769717,0.007596652399479793,0.013353154390614293,0.017296357955650998,0.021531790818614387,0.011336477412055363,0.90775
Alabama,2020-03-01,-0.05523715965009558,0.0017888298727294256,0.02011446247241063,0.03222306055925034,0.04524662222805217,0.013291330710983887,0.76875
Alaska,2020-03-01,-0.021205453751573088,0.00948356129725976,0.016506387193986102,0.020707773190347376,0.02457226438211838,0.012876845248314976,0.89175
Arizona,2020-03-01,-0.03966955233464782,-0.009589188211119246,-8.586882386063602e-4,0.004745360717141331,0.010948376732874583,-0.0044076764458321075,0.46675
Arkansas,2020-03-01,-0.05528170856137357,-0.01234297697559324,3.475606986619549e-4,0.008784520893112192,0.018001481222626646,-0.004651559197580297,0.5085
California,2020-03-01,-0.025965265959755075,-0.0024478581892709243,0.006174736204595566,0.012790695650189518,0.020950409895009008,0.0038295651035642215,0.69275
Colorado,2020-03-01,0.004396691606297645,0.02623804811228723,0.03322632603908969,0.037983538349910924,0.0429016024592917,0.03074516035808308,0.98425
Connecticut,2020-03-01,-0.031904524202483006,0.020947280730761755,0.03343179378439946,0.040636069911062486,0.0475614502482964,0.027008830602999783,0.909
Delaware,2020-03-01,-0.004871809463592375,0.009828070738421315,0.013722241753148642,0.016352981681207322,0.019011400009789806,0.012091126870976144,0.952
District of Columbia,2020-03-01,-0.12105254316995412,-0.03127311619764235,-0.009549431682291252,0.0035800522061117538,0.015610897090961851,-0.020248927356729222,0.3285
Georgia,2020-03-01,-0.022881270142203057,0.015233725200106057,0.026234702511020926,0.03373094065673696,0.041066113597904824,0.021583359470993633,0.9
Hawaii,2020-03-01,-0.041835723317949707,0.012001300101660088,0.027527124025195103,0.03872377956934692,0.050174767715377225,0.02202812603224184,0.858
Idaho,2020-03-01,-0.025928751023247373,0.00745794111684149,0.013902068370219976,0.017554989349894735,0.020409597655401998,0.009897915892172407,0.87175
Illinois,2020-03-01,-0.010296715108787144,0.010054901407690272,0.01733410642569841,0.022679871248236918,0.029907826843437027,0.015328418420813497,0.9185
Indiana,2020-03-01,-0.01629921612887115,0.011681608900186888,0.020249817693786143,0.026348415178428758,0.0333301655029923,0.017336892625457078,0.907
Iowa,2020-03-01,-0.006004728668374348,0.009949765640694979,0.014143283848777834,0.01684089102306692,0.019589188174098476,0.012344472084456631,0.94325
Kansas,2020-03-01,-0.04145841371940233,0.013327041475463866,0.027265682189920405,0.035945307653301985,0.04430090930731098,0.0207955327550123,0.862
Kentucky,2020-03-01,-0.03778516269795644,0.043070852906008844,0.057085808649286196,0.06361700408484969,0.0679303874358241,0.04665017191479117,0.939
Louisiana,2020-03-01,0.011155054354471066,0.04254856918266102,0.0532203058075758,0.06099355166349651,0.07085128543292521,0.05000551062175076,0.9885
Maine,2020-03-01,0.0031586763288166536,0.0177103494321083,0.02202547760403563,0.024830569142630127,0.027959110187001333,0.020316763842752286,0.98675
Maryland,2020-03-01,-0.007302182833820623,0.01660336751977893,0.024024641135730367,0.028855921524922935,0.034258578495082945,0.021154498584275254,0.9525
Massachusetts,2020-03-01,-4.0319034271790006e-4,0.011136016872386483,0.01516012234946051,0.01808534928112439,0.022025574268523567,0.01397776173311718,0.971
Michigan,2020-03-01,-0.024195160600374157,0.005151707882831405,0.011564220953687053,0.01535359955693876,0.018765046510835583,0.008046437597372856,0.84975
Minnesota,2020-03-01,-0.019918928026939856,0.007563303007411051,0.01647000055481613,0.02272967965813287,0.029657022942524838,0.013448157739437049,0.8645
Mississippi,2020-03-01,-0.05457092781711941,-0.009051452980040816,0.006554453624930137,0.017332246632698202,0.030492894042515366,0.0014307644644981643,0.61775
Missouri,2020-03-01,-7.600204982374378e-4,0.03438167336041516,0.04502373790370743,0.05244812329864117,0.061549317329154786,0.04126217565180368,0.973
Montana,2020-03-01,0.006312046451469435,0.02177850643593321,0.025524645781798562,0.027613781188893273,0.029438049879386217,0.023581391842971238,0.98825
Nebraska,2020-03-01,-0.04538077736069529,0.006679696404378094,0.01915340511358854,0.027080108909783678,0.033908027376590134,0.01310081284896897,0.82675
Nevada,2020-03-01,-0.014915036675217618,-0.0027660845207282654,0.0014238162505973446,0.004533846939619805,0.008387848724997987,1.6534341428554598e-4,0.606
New Hampshire,2020-03-01,-0.006231304084631513,0.010415223067480628,0.014279111562043884,0.01655447141974866,0.018559019374750886,0.012261195353630884,0.94375
New Jersey,2020-03-01,-0.03573517287661111,0.01224753764263225,0.026305444889140543,0.03536725250293739,0.04449997356465769,0.02057460230243057,0.862
New Mexico,2020-03-01,-0.012931052465806331,0.011079645471437752,0.019875959866469384,0.026415055250184883,0.03410006667942017,0.017430010772939597,0.91175
New York,2020-03-01,-0.003087633071601362,0.012610039682060724,0.018552333622764434,0.023210406407003482,0.02912790241540284,0.017126197383569623,0.95825
North Carolina,2020-03-01,-0.0177090356334302,0.013645154499499044,0.021620561776839596,0.027320706307766267,0.03335738518954555,0.018373123140663673,0.91725
North Dakota,2020-03-01,-0.03542032697065706,0.002959669348133952,0.012478690898921889,0.01863796447861616,0.023945291780848237,0.007963560944552214,0.798
Ohio,2020-03-01,-0.00995082139450619,0.005556438168494087,0.010267480940041535,0.013386985579293803,0.01742645395026264,0.008584142430981502,0.894
Oklahoma,2020-03-01,-0.050008298921484624,0.0055561404737059505,0.02227321618469406,0.03393645469376136,0.047892866500638,0.016095474220301876,0.80675
Oregon,2020-03-01,0.005862818388262201,0.023701917143158103,0.02915041839912946,0.03277268277375562,0.03663079066577995,0.027033323991106195,0.987
Pennsylvania,2020-03-01,-0.010050027237017286,0.007101767112918538,0.01253312001481263,0.01701895933775288,0.022623708995940413,0.011069899483470287,0.9035
Rhode Island,2020-03-01,-0.009593955196488382,0.01808813101485047,0.024806152165908313,0.028627171787301037,0.03216651298531701,0.021375070758140404,0.94875
South Carolina,2020-03-01,-0.021052265466990003,0.0406401688509172,0.05334502023072832,0.06001519767485167,0.06557614567938605,0.045675496175862036,0.95225
South Dakota,2020-03-01,-0.01018573794274771,0.007573434956583508,0.013270370442636868,0.01762673197707678,0.02299775923611103,0.011544648481212094,0.907
Tennessee,2020-03-01,-0.031007464672305866,0.013665668672116108,0.025132820908309518,0.03183819282441899,0.038253640441914497,0.019514838157532407,0.88275
Texas,2020-03-01,-0.024488272761986733,0.014458703815687665,0.028380602674799943,0.03851435264902244,0.05082457660480568,0.024293132837273333,0.8905
Utah,2020-03-01,-0.027166867504137226,0.013520038081535984,0.024458520500744492,0.031036126862058602,0.03792911610342383,0.019747243068815937,0.8955
Vermont,2020-03-01,-0.03583005739610733,-2.4771724491659715e-4,0.009533357480725674,0.01595421837883959,0.022367128257934705,0.005507203740656989,0.74525
Virginia,2020-03-01,0.007623041434443321,0.029718358546701962,0.03734052672117212,0.04332752390072639,0.05054102727268801,0.035263686961805964,0.99025
Washington,2020-03-01,0.02932744205502926,0.04084175379149646,0.04483386465461585,0.04790907826771191,0.05200704924178172,0.043754302369101515,0.99975
West Virginia,2020-03-01,-0.007793243909441013,0.018548122560975343,0.026698956741160698,0.03221700158813279,0.037962849578460106,0.0236430816889411,0.953
Wisconsin,2020-03-01,-0.01880283317059619,0.005366279461844836,0.012880041755238547,0.017882491468527884,0.02311246354107392,0.010089773929004465,0.84925
Wyoming,2020-03-01,-0.017871186789449642,8.651907610212829e-4,0.005795407606969173,0.009177660268971344,0.012788561920002054,0.0038380823122166167,0.779
Alabama,2020-03-08,-0.049385613764782656,0.006312572862882391,0.022494719675769936,0.03316091318092997,0.045424222797553884,0.01630032523669218,0.8075
Arizona,2020-03-08,-0.03049707860527929,-0.004114192490774579,0.003607598172351104,0.008818652797365415,0.01489086441078468,6.412985798995563e-4,0.6355
Arkansas,2020-03-08,-0.049958853921643474,-0.016233640297893245,-0.005629733476454717,0.0019407270576246032,0.010031495246584239,-0.009269265816239774,0.31975
California,2020-03-08,-0.01898322366864549,0.00518969075144215,0.013649138931835234,0.020027524461279696,0.02787947569481313,0.011352697782794463,0.85075
Colorado,2020-03-08,0.028679154069199433,0.04891464965277832,0.054819549056942814,0.05900007457537624,0.06366949951158657,0.05260491707289462,0.9985
Connecticut,2020-03-08,-0.00881491241909678,0.03449639266391932,0.04513920696557423,0.0519045031922246,0.05773927003492295,0.04022467995719888,0.964
Delaware,2020-03-08,-0.0016187171584337923,0.011564758227563237,0.015183450131655157,0.017424241242286462,0.019831704716908496,0.013557122993314736,0.96675
District of Columbia,2020-03-08,-0.1229538826172047,-0.024385820558250507,-0.00143485875873324,0.011792264002913696,0.024653164536675463,-0.013168512867427581,0.4735
Georgia,2020-03-08,0.0043009329062078374,0.04380035563832274,0.054496030683126195,0.06109655133942871,0.06829213163999581,0.049799766630830404,0.97925
Hawaii,2020-03-08,-0.04929836942529293,0.0014016516330775108,0.01597575090818077,0.026378576658430332,0.03749891961502646,0.010123083687393904,0.76225
Idaho,2020-03-08,-0.02272709036988677,0.007001377494428869,0.013560235419364157,0.0170384626328416,0.019779387992033808,0.00976851583993252,0.8725
Illinois,2020-03-08,0.0010572596103945486,0.02202438102388129,0.029014344814486004,0.03413306350124135,0.041250566468916144,0.027082734660699763,0.97825
Indiana,2020-03-08,-0.024030760406529066,0.0014049354911822246,0.009978539991475962,0.015583584600566924,0.022167451736720287,0.007097507237751351,0.783
Iowa,2020-03-08,5.077701973712598e-4,0.014095197770874342,0.0180478122121039,0.02054845565686558,0.02318239072685042,0.016390559067539317,0.9765
Kansas,2020-03-08,-0.03643712854309615,0.019375577094954077,0.03328483784956203,0.041908089596263805,0.05011044561845123,0.02667157125914646,0.894
Kentucky,2020-03-08,-0.027319909074991912,0.0408894187632446,0.053206060854117984,0.058591000214188775,0.06241395069055303,0.04413188200654024,0.9465
Louisiana,2020-03-08,0.036304974206494776,0.0673690744480325,0.07697141760807247,0.08441980061898394,0.09319264550585922,0.0738937062054606,0.9985
Maine,2020-03-08,0.009471866538040146,0.0244479629259668,0.02851926461153768,0.03138135828484295,0.03440671266029043,0.026939401535515172,0.994
Maryland,2020-03-08,0.01343124275303347,0.03508518666265122,0.04131135571741208,0.045793998340963926,0.050730032283280053,0.03902792836612928,0.9935
Massachusetts,2020-03-08,0.00956452381002808,0.020757806867132855,0.024626353700129062,0.027818106114885336,0.031745862303221815,0.023623235353067935,0.99575
Michigan,2020-03-08,-0.01848734956821764,0.011673463522539819,0.01845168501136622,0.022265789369710128,0.025620906036613936,0.014749148483841573,0.9125
Minnesota,2020-03-08,-0.006043064161403199,0.019772844872776002,0.02768926136422082,0.0336277463013775,0.040650610272745254,0.0250927867139506,0.95675
Mississippi,2020-03-08,-0.03805286978499716,0.004679561032374031,0.018796882473304983,0.029251326466471717,0.04086462075446157,0.014341462621597816,0.806
Missouri,2020-03-08,0.020765261284937754,0.0516937843231727,0.06108446684735759,0.06833113042161715,0.07617759629000244,0.05801580612583904,0.994
Montana,2020-03-08,0.015488430012297605,0.0323536057459057,0.03583104019684376,0.03791783808913038,0.039647844648858135,0.03389372979187776,0.9935
Nebraska,2020-03-08,-0.03395952663918094,0.018507412558912664,0.03085020955050498,0.03820864713601839,0.04478326020942772,0.024727056234599885,0.90525
Nevada,2020-03-08,1.8103201177022865e-5,0.011758878296002948,0.015732212596502915,0.01860190683814989,0.022052987571354005,0.014501925649547717,0.975
New Hampshire,2020-03-08,-0.008364459787022887,0.005588526993363374,0.009145572237895055,0.011053217177683702,0.012878228330746332,0.0072848863966859636,0.9005
New Jersey,2020-03-08,-0.011972234148086897,0.0373967837346085,0.05075076190157203,0.0592876781354757,0.06799644770486758,0.045088288641860194,0.96025
New Mexico,2020-03-08,-0.0055109041904960005,0.019730969552193424,0.027615085013627406,0.033694767824983235,0.040690714814105335,0.0252001377543934,0.95875
New York,2020-03-08,0.020302097082844965,0.0358022620490728,0.04149497810782996,0.04560412369528938,0.051400262528957054,0.03992538723429585,0.99925
North Carolina,2020-03-08,-0.006630362120362748,0.020306351246416166,0.02790677037273145,0.03301785904577141,0.038426271114285426,0.024892882506587707,0.95525
North Dakota,2020-03-08,-0.012675163254131414,0.020547394623559326,0.02899881887456046,0.03405252742871544,0.03878308809736144,0.025013560371852317,0.94325
Ohio,2020-03-08,-0.003960109911658743,0.008805145244997026,0.012817931839519334,0.015900654418723913,0.01929814328843459,0.01154796148396952,0.95275
Oklahoma,2020-03-08,-0.03495646410071482,0.015680005755581507,0.030422889216256563,0.04122155821692918,0.05335882886332709,0.025198771190518027,0.8745
Oregon,2020-03-08,0.020916282064745648,0.03760037525745964,0.04256283080784619,0.04593733817523259,0.04963951045857174,0.040654092046170535,0.9975
Pennsylvania,2020-03-08,0.0046579359019593885,0.02078430670890448,0.026080003150984618,0.03048543413717774,0.0357380829971457,0.024741801748372188,0.989
Rhode Island,2020-03-08,-0.014127261155759569,0.01001759324037582,0.01590347457606976,0.019440214768539136,0.022750946175326234,0.013070205168588252,0.91625
South Carolina,2020-03-08,0.004633815881034657,0.058449917468616795,0.07032957202553691,0.0772601471311645,0.08202828798173369,0.06374302398088848,0.9795
South Dakota,2020-03-08,-0.005747365632900704,0.00943397782216574,0.014991676432939274,0.01876047908426371,0.02339265399975617,0.01331924285116397,0.938
Tennessee,2020-03-08,-0.010819137162515324,0.031257980031880725,0.040955394566140654,0.04664325425430889,0.052056070428880025,0.03597824426949105,0.95675
Texas,2020-03-08,-0.023312144007108616,0.016379812539513747,0.028685481722603608,0.03761636707334328,0.04875823375810729,0.024735640587983283,0.90575
Utah,2020-03-08,-0.013471517313203327,0.023137223007906788,0.03245515528635763,0.03830348482187984,0.04418158578237364,0.028219445277863464,0.9455
Vermont,2020-03-08,-0.025388943726361024,0.006878911034172388,0.01590131180458903,0.021847158383710076,0.02839544979701843,0.012193976376900005,0.85025
Virginia,2020-03-08,0.011689188237377251,0.03393152172609645,0.04171341952524288,0.047267053114582534,0.05427539311821792,0.03941835144144994,0.99225
Washington,2020-03-08,0.03438811208305696,0.04685627346402497,0.05059978524574744,0.05358501194974798,0.05721398432414427,0.04949484770658191,0.99975
West Virginia,2020-03-08,-0.00451229865700172,0.01774325178928765,0.024955840427713025,0.030033565819993065,0.035431072554622405,0.022461489890841874,0.96125
Wisconsin,2020-03-08,-0.0046541640294714475,0.017324105963054257,0.02445288120470469,0.029287552431876713,0.034450694591176244,0.02195593513399934,0.959
Wyoming,2020-03-08,-0.008544786373665635,0.007575677308994463,0.012064340748603119,0.015195119255234979,0.018522122529456793,0.010372824257866361,0.92375
Alabama,2020-03-15,-0.028735742743940692,0.02087411109252711,0.034734160811122974,0.04422402085259855,0.05495436730141459,0.029412538846881393,0.90825
Arizona,2020-03-15,-0.024452450419992184,0.0021163802548148977,0.009604814035156903,0.01478229499794581,0.020404477996627972,0.006769046537216881,0.7935
Arkansas,2020-03-15,-0.03722361182595425,-0.006712436539676017,0.002418153490096841,0.008644205138458512,0.0158928142463329,-9.194293214218095e-4,0.5775
California,2020-03-15,-0.005222152122469388,0.016598478110558083,0.024406741948716885,0.03035955384379646,0.03814836696246602,0.022206750899283336,0.9545
Colorado,2020-03-15,0.03140254232231336,0.04913240141272554,0.054843676500582784,0.05851466007733852,0.06242398098771677,0.05265766833515718,0.9985
Connecticut,2020-03-15,0.0011331136613963021,0.04555868968858574,0.05570611954659255,0.06153777875998525,0.06696557141070895,0.050552002023439464,0.97625
Delaware,2020-03-15,0.012627760899121952,0.024011361107589557,0.0274319958200804,0.029480790897622535,0.03160547776808923,0.026021662160308216,0.99625
District of Columbia,2020-03-15,-0.09755252164128371,-0.00875603628803401,0.013385184304768307,0.026288632474293784,0.03802976043190678,0.0025042186765109097,0.6795
Georgia,2020-03-15,0.01903479565806399,0.05742264905381555,0.06757412982667978,0.0741501950775426,0.08087232134582653,0.06332202789077258,0.9925
Hawaii,2020-03-15,-0.03914507253634959,0.00575629954531307,0.01996179658479674,0.030076278923121952,0.04016634175477224,0.015096581847469866,0.806
Idaho,2020-03-15,-0.011008214808687562,0.01741615456751142,0.023712102628532593,0.0274471227468026,0.030188653247204312,0.020074442661336348,0.94425
Illinois,2020-03-15,0.018395414206214537,0.0383496618374966,0.04538718934092096,0.05061716783434132,0.057305569592359884,0.04338147210588045,0.9975
Indiana,2020-03-15,-0.016592067199273516,0.008562555078919374,0.015392615770352246,0.020399860526285743,0.026466106801893163,0.012940717634792064,0.895
Iowa,2020-03-15,-0.0013488509302628272,0.010696786636345521,0.013997512455176822,0.01604339781233671,0.01828633483616137,0.012586070735264084,0.9685
Kansas,2020-03-15,-0.019038036449840572,0.03429165544504782,0.04771510463889782,0.05615693597140452,0.06354697642866365,0.041371018760798677,0.94625
Kentucky,2020-03-15,-0.0316503686851824,0.03428681071803454,0.044907670600819516,0.049962603326766775,0.05332312766183464,0.03710968995417521,0.94125
Louisiana,2020-03-15,0.06446304730907582,0.09417713460550643,0.10375651860480084,0.11027608535088614,0.11861709919869569,0.10055854378075332,0.9995
Maine,2020-03-15,0.03167625659628322,0.044685161412475596,0.04857072707090569,0.05112186633078793,0.05401329578193739,0.0470306512120887,0.99925
Maryland,2020-03-15,0.0381869895111485,0.0576734895128177,0.06377858463272144,0.06780548378271944,0.07238944497079541,0.061590118782880975,0.99975
Massachusetts,2020-03-15,0.03426102362491337,0.04576109273285972,0.0498553930849137,0.052955216830805556,0.05656027045524639,0.04879329161684116,1
Michigan,2020-03-15,-0.014704045137197029,0.009484378558576326,0.01533637947012622,0.018867980532346,0.022056419064767175,0.012314044576139096,0.91425
Minnesota,2020-03-15,-0.013106405442597432,0.012311943613412292,0.019714329015869475,0.025167920841440282,0.031204077188620515,0.017200317806094472,0.9245
Mississippi,2020-03-15,-0.024197252460245917,0.015303399607510614,0.028154395847606782,0.03747882780162849,0.04864489315530608,0.023881817168712988,0.89425
Missouri,2020-03-15,0.018886970117515674,0.04697118156039952,0.05591660757126404,0.06236690168178498,0.06931880159069337,0.05290267991823017,0.99525
Montana,2020-03-15,0.01892881680136122,0.03384115088046025,0.037039351353424683,0.038854894310588986,0.04039776676429071,0.03526253654942239,0.9975
Nebraska,2020-03-15,-0.028317087647569,0.017970613053807455,0.029110197855748393,0.03566211040473409,0.041458479777558406,0.023358493331589746,0.9045
Nevada,2020-03-15,0.0015604805558982646,0.012253658866747162,0.015856377708738552,0.018433133035757054,0.021596396676025295,0.01472361996208985,0.98125
New Hampshire,2020-03-15,-0.007680230393397776,0.005016427729400912,0.008134465164063173,0.009907393629772564,0.011466238251355645,0.006543146844115196,0.9105
New Jersey,2020-03-15,0.04392617758580353,0.08534199056086995,0.09850746545587472,0.10632937193598155,0.11435005829432408,0.09316598721228488,0.99775
New Mexico,2020-03-15,0.00979772558711309,0.0315799023371676,0.038293916964714236,0.04323628125150546,0.04924472138241831,0.03606939732042763,0.99075
New York,2020-03-15,0.0597192985829223,0.0762719596532703,0.08184816068695461,0.08648542412170265,0.09207320349831428,0.08047647574233216,1
North Carolina,2020-03-15,0.004283374654823284,0.028348335367236917,0.035292614946294834,0.03981821571615531,0.044635988950716445,0.03251042611019653,0.98425
North Dakota,2020-03-15,0.013375128956751667,0.04506510581426201,0.052536683799039786,0.057254747439724515,0.06161484456424798,0.04887997248104553,0.98925
Ohio,2020-03-15,0.003462461884154815,0.015644364384750115,0.01961546384978249,0.022408574018279143,0.02568994770649053,0.01830371612865577,0.986
Oklahoma,2020-03-15,-0.010195102139002099,0.03474953171331045,0.04827614787974677,0.057593178519621584,0.06783177338147756,0.04335358896330741,0.95875
Oregon,2020-03-15,0.03369822185835698,0.04962437138834137,0.05434090808247137,0.057429575231811074,0.061097280340388464,0.05251994349602747,0.99925
Pennsylvania,2020-03-15,0.0247204261443215,0.039097028407522466,0.04441055538596059,0.04855796967585329,0.05361721869104901,0.04307107621184631,0.9995
Rhode Island,2020-03-15,-0.022635882916882115,-9.233783315594577e-4,0.004774254894556468,0.008195378912747438,0.011314710991973322,0.0020191669736521617,0.7245
South Carolina,2020-03-15,0.02374841878640328,0.07183163912181408,0.0820731152952077,0.08769365454166494,0.09199111655783328,0.07597112719311792,0.9905
South Dakota,2020-03-15,-0.00218711328345173,0.011717611848149434,0.0165254398416479,0.02010417297874112,0.0244847224745493,0.015098185351851956,0.96275
Tennessee,2020-03-15,0.016821271868217927,0.05022675000209152,0.05832610986680639,0.0632918622607395,0.06803222798822534,0.05425523037168877,0.99
Texas,2020-03-15,0.004725881435560235,0.03765561690107007,0.04962171635156609,0.05807861135269582,0.06846861726259056,0.0460466281549814,0.981
Utah,2020-03-15,-6.600972684161046e-4,0.03118592370757458,0.0398927585661526,0.04531985155341399,0.050873549138074535,0.03595514850222238,0.973
Vermont,2020-03-15,-0.016194547573001584,0.01681843751132333,0.025850077165481267,0.03138434922062846,0.03752913657503579,0.022070279481029232,0.93
Virginia,2020-03-15,0.016344239334753284,0.03639395466662837,0.0434541443847735,0.048701353205087027,0.05544561214497552,0.041498238349559936,0.9965
Washington,2020-03-15,0.03534268138448323,0.04662370858977467,0.050070109937204815,0.05282012780912373,0.05638163835428864,0.04902901522394531,1
West Virginia,2020-03-15,-0.0020146203437207905,0.021250366547577802,0.02767992806664369,0.03253855931865296,0.03731675159317108,0.025318970082914713,0.96925
Wisconsin,2020-03-15,0.011390929119195356,0.03332871215682805,0.039639052678160744,0.044090736809131746,0.048867601727000054,0.037220718980650845,0.9905
Wyoming,2020-03-15,0.010714041291557456,0.023666238777271056,0.027775136199796886,0.030372279191394642,0.03348023837247487,0.02624693204854741,0.995
Alabama,2020-03-22,-0.03641814956746779,0.007410162580698241,0.019747936805567717,0.02883192251001228,0.03844374560315166,0.015161724591380819,0.837
Arizona,2020-03-22,-0.02979539198807998,-0.0024526143288588426,0.005009520987273358,0.010089982350759868,0.015560819537591176,0.0022154389095344037,0.6845
Arkansas,2020-03-22,-0.02092508850578225,0.003298022846140982,0.010969913192965697,0.015956014172985134,0.021550392742089256,0.008134915165786693,0.81775
California,2020-03-22,-0.007396898739860231,0.012395765560751094,0.019763381570018793,0.025549882364083936,0.03280069063166254,0.0179555612764795,0.94
Colorado,2020-03-22,0.012774437588148474,0.028704667631059257,0.033750269198487504,0.03713118717940739,0.04068377711462073,0.03192960321114195,0.995
Connecticut,2020-03-22,0.006423753127091431,0.045062474634526624,0.0544015499013759,0.060119258538184464,0.06523537667092344,0.04978589910688247,0.98275
District of Columbia,2020-03-22,-0.08022503160062731,0.003241678926459721,0.023637070111460358,0.035537385752037985,0.0459767854443358,0.013448866040083324,0.77825
Georgia,2020-03-22,0.014317352292194956,0.046608468231264216,0.055980807411357185,0.06205524575941761,0.06837561725663008,0.05219799795372805,0.99025
Hawaii,2020-03-22,-0.06837508425724713,-0.023724341841495994,-0.010955518305481252,-0.0018914585226691002,0.008012272325875135,-0.015940693202813622,0.1975
Idaho,2020-03-22,0.0044019188817302785,0.03372269610852983,0.04026404654960708,0.04388362601533279,0.04675698070917386,0.036477571748839095,0.97975
Illinois,2020-03-22,0.004662028243994654,0.023925379450256547,0.03040178389592222,0.035206464852790706,0.04125098473754844,0.028534718344852848,0.9855
Indiana,2020-03-22,-0.02307856808225361,-0.0037581222224394757,0.0025572021395920243,0.006960059293657995,0.012290461028090097,4.217388384857309e-4,0.61575
Iowa,2020-03-22,-0.007296140927099301,0.0032950679850891913,0.006265140813618814,0.008201979559942611,0.010211079339231027,0.005002633040937695,0.879
Kansas,2020-03-22,-0.025807502837298445,0.026209938537377932,0.03902013985254793,0.0465330557469038,0.054076619558860374,0.032802287038024854,0.932
Kentucky,2020-03-22,-0.051586585984876546,0.0012701997943758503,0.010385551537228026,0.014633904858990987,0.017515167647021872,0.003541961449351356,0.772
Louisiana,2020-03-22,0.06389136278587806,0.08966754044491736,0.09820841069190828,0.1048421089991547,0.11239953709151325,0.09564186798002819,1
Maine,2020-03-22,0.002366300630517324,0.015191630207159534,0.01888087449486121,0.02133281111449492,0.023992595571975642,0.017423827249966713,0.9845
Maryland,2020-03-22,0.03176980770586427,0.050798600731166405,0.05645763406487615,0.06016062825394782,0.06447693203756495,0.05425344032756859,0.9995
Massachusetts,2020-03-22,0.0267116529606129,0.03788149567923275,0.042014003407558384,0.04501579965885369,0.04886694981288079,0.04088159641105785,1
Michigan,2020-03-22,-0.0019050596605048916,0.02035578862611173,0.02552234218010204,0.0286222089634774,0.03133402834703489,0.022749364319471617,0.97025
Minnesota,2020-03-22,0.00644112490563484,0.028440044486364578,0.03532620739676515,0.040434589065738824,0.046052026655027,0.03310141538183776,0.987
Mississippi,2020-03-22,-0.030926838637945236,0.005973387767481327,0.01797171116698095,0.026537119356594197,0.03615072538771396,0.01413273101092817,0.83075
Missouri,2020-03-22,0.022920682401517834,0.04640450012073035,0.054512331545804094,0.059860385874495055,0.06584334764141764,0.05173254422568555,0.9965
Montana,2020-03-22,0.019148051864773454,0.03030467241834821,0.03295510640060259,0.034409109176362654,0.03571605813893363,0.031551520186800706,0.99875
New Hampshire,2020-03-22,-0.011375460183858101,0.0012568313707240256,0.003948964335383688,0.005645698183584273,0.007039788951028389,0.0025413771983728564,0.8175
New Jersey,2020-03-22,0.07996836780545821,0.12485727398508942,0.13659899598582226,0.1444010025084314,0.1527611438101434,0.1316044865415106,0.99975
New Mexico,2020-03-22,0.004304730707074002,0.021621470773108754,0.028148418202362545,0.03277189875013836,0.03841632206204319,0.026234319577522362,0.98375
New York,2020-03-22,0.0806740687475556,0.09613084823428114,0.10186816413801014,0.10603227244725637,0.11176631511405108,0.10025015168178603,1
North Carolina,2020-03-22,-0.006678746346841327,0.015598452036436512,0.022112022648913814,0.02621400343816265,0.03076900964686402,0.019437944865766752,0.95175
North Dakota,2020-03-22,0.004475025076083571,0.033168254597242826,0.03971177819083217,0.043757827795870445,0.047578709164189686,0.036222022759423336,0.98
Ohio,2020-03-22,0.0033710387497237755,0.01388192694572817,0.01736654605180272,0.019747622633908793,0.022621445972062452,0.016219712744077085,0.98775
Oklahoma,2020-03-22,0.016684331605373737,0.051416413223392333,0.06204314211150553,0.0695928409833942,0.07815876677333032,0.058218226601518465,0.98975
Oregon,2020-03-22,0.023300400400734795,0.03847976472114149,0.04271113390417797,0.04564384724111181,0.048845092047918946,0.041031019922618414,0.9975
Pennsylvania,2020-03-22,0.014931599316127569,0.029151957997395866,0.03406772124061527,0.03797012407169081,0.0426896934390554,0.03279473515119401,0.9985
Rhode Island,2020-03-22,-0.03240770197658309,-0.010108115199935201,-0.004486715659877526,-0.0011034879407360667,0.0022387383760212386,-0.007274577244213215,0.163
South Carolina,2020-03-22,-0.0028010066766930874,0.04432045051921543,0.054003161483495175,0.05921130137217562,0.0630115118978063,0.048150891199356394,0.972
South Dakota,2020-03-22,-0.012534991990256858,6.960856037171196e-4,0.0054020120224207635,0.008638444083595547,0.012550328621065004,0.00395646063238276,0.78
Tennessee,2020-03-22,0.015589870545628635,0.04328726092269543,0.05022586192181995,0.05447742644982233,0.05824998381118624,0.046715202219105356,0.988
Texas,2020-03-22,-0.0063122954062369155,0.03003324614586224,0.04052012128074184,0.048635853686097096,0.05837693016148949,0.0371144500938848,0.964
Vermont,2020-03-22,-0.0035115740209137568,0.023349325454305698,0.031121193315387617,0.03648116471511084,0.042179698895049494,0.02797798309203789,0.96425
Virginia,2020-03-22,5.200458393170566e-4,0.019433983219397682,0.025918930608489404,0.030740806628936,0.03672196931312274,0.023993365870338366,0.97625
Washington,2020-03-22,0.017345936304089718,0.027386572346899864,0.030634569467992014,0.03315071296106957,0.03625517393962142,0.029661827099082553,1
West Virginia,2020-03-22,-0.024130894253254074,-0.005210381233366975,8.335740811344474e-4,0.005042851383492908,0.00950278878174336,-0.0013074051782976733,0.547
Wisconsin,2020-03-22,0.0031198155329385958,0.02388992102551539,0.029849130701101206,0.03402829909212801,0.038633077236562105,0.02766287538429114,0.98425
Wyoming,2020-03-22,-0.009351606330588812,0.0029229538998812032,0.00675876686326753,0.009131047854563468,0.011903206830207822,0.00533797211238215,0.86
